vehicle_id,ev_model,battery_capacity,soc_start_pct,soc_end_pct,dod_pct,charging_time_hour,charging_duration_hrs,power_consumed_kwh,location,range_predicted_km,range_actual_km,efficiency_kwh_per_km,charging_cost_usd,cost_per_km_usd
EV0001,Ford Mustang Mach-E,70,48.03,94.64,46.61,15,1.0,32.63,Chicago,470,441.0,0.11,4.66,0.0106
EV0002,Chevrolet Bolt,66,10.82,99.4,88.57,14,1.37,58.46,San Francisco,415,424.59,0.181,5.97,0.0141
EV0003,Tesla Model 3,60,21.65,92.24,70.59,12,3.35,42.35,San Francisco,430,378.14,0.154,9.09,0.0241
EV0004,Ford Mustang Mach-E,70,33.7,80.93,47.23,12,1.0,33.06,Phoenix,470,439.61,0.149,12.65,0.0288
EV0005,Volkswagen ID.4,82,42.34,86.09,43.76,13,3.31,35.88,Seattle,440,458.75,0.173,5.45,0.0119
EV0006,Tesla Model 3,60,20.35,93.25,72.9,17,2.17,43.74,San Francisco,430,415.44,0.122,4.78,0.0115
EV0007,Nissan Leaf,40,41.01,98.79,57.78,18,0.51,23.11,Miami,240,230.06,0.166,8.98,0.039
EV0008,Hyundai Kona EV,64,25.55,85.43,59.88,2,0.9,38.32,Los Angeles,415,396.25,0.158,7.01,0.0177
EV0009,Hyundai Kona EV,64,42.09,81.49,39.4,13,0.51,25.22,Miami,415,406.94,0.169,7.11,0.0175
EV0010,Nissan Leaf,40,24.34,82.32,57.98,18,0.53,23.19,Miami,240,217.24,0.148,4.9,0.0226
EV0011,Volkswagen ID.4,82,23.01,94.59,71.58,15,1.71,58.7,Phoenix,440,440.08,0.131,10.38,0.0236
EV0012,Chevrolet Bolt,66,30.91,88.55,57.64,19,4.94,38.04,Phoenix,415,397.37,0.148,9.23,0.0232
EV0013,Hyundai Kona EV,64,30.34,98.15,67.81,21,2.49,43.4,Houston,415,383.5,0.153,13.39,0.0349
EV0014,Ford Mustang Mach-E,70,47.19,96.16,48.97,18,1.01,34.28,San Francisco,470,411.66,0.145,7.71,0.0187
EV0015,Volkswagen ID.4,82,31.57,96.15,64.58,13,1.16,52.95,New York,440,410.79,0.123,7.91,0.0193
EV0016,Chevrolet Bolt,66,26.7,84.44,57.75,11,3.23,38.11,Houston,415,380.43,0.14,6.31,0.0166
EV0017,Tesla Model 3,60,26.15,81.3,55.14,19,1.88,33.09,Chicago,430,385.83,0.129,3.67,0.0095
EV0018,Tesla Model 3,60,49.06,88.22,39.16,12,2.92,23.49,Miami,430,404.36,0.156,3.37,0.0083
EV0019,Ford Mustang Mach-E,70,27.91,91.06,63.15,15,1.37,44.2,New York,470,430.3,0.134,12.81,0.0298
EV0020,Volkswagen ID.4,82,25.95,96.33,70.38,21,1.4,57.71,New York,440,396.21,0.139,6.48,0.0163
EV0021,Ford Mustang Mach-E,70,23.04,84.4,61.37,13,1.15,42.96,Seattle,470,472.27,0.161,9.28,0.0196
EV0022,Nissan Leaf,40,43.51,93.51,50.01,12,0.52,20.0,Los Angeles,240,237.76,0.125,6.9,0.029
EV0023,Tesla Model 3,60,30.67,85.22,54.55,16,0.66,32.73,Miami,430,419.28,0.121,6.7,0.016
EV0024,Chevrolet Bolt,66,44.25,88.09,43.84,20,0.64,28.93,Houston,415,398.95,0.167,2.97,0.0075
EV0025,Volkswagen ID.4,82,47.61,99.47,51.87,15,2.25,42.53,Chicago,440,375.44,0.126,13.34,0.0355
EV0026,Tesla Model 3,60,29.76,83.58,53.82,18,1.43,32.29,Miami,430,417.63,0.169,8.73,0.0209
EV0027,Ford Mustang Mach-E,70,30.35,92.73,62.37,17,2.5,43.66,Chicago,470,447.89,0.156,14.78,0.033
EV0028,Volkswagen ID.4,82,35.8,93.38,57.57,19,1.07,47.21,Houston,440,396.81,0.17,5.07,0.0128
EV0029,Tesla Model 3,60,11.74,99.89,88.15,18,1.96,52.89,Houston,430,401.0,0.159,20.58,0.0513
EV0030,Tesla Model 3,60,13.01,86.11,73.1,15,2.95,43.86,New York,430,388.59,0.14,11.71,0.0301
EV0031,Volkswagen ID.4,82,37.84,91.4,53.56,16,4.06,43.92,Los Angeles,440,392.85,0.168,6.19,0.0158
EV0032,Volkswagen ID.4,82,24.38,85.87,61.49,14,1.21,50.42,Chicago,440,432.45,0.121,6.28,0.0145
EV0033,Tesla Model 3,60,35.12,83.89,48.77,13,3.02,29.26,Chicago,430,405.75,0.127,3.75,0.0092
EV0034,Volkswagen ID.4,82,23.13,83.1,59.97,9,1.0,49.18,San Francisco,440,408.88,0.152,5.47,0.0134
EV0035,Volkswagen ID.4,82,22.13,90.74,68.61,13,2.71,56.26,Houston,440,435.09,0.135,6.5,0.0149
EV0036,Ford Mustang Mach-E,70,26.45,93.99,67.54,16,3.75,47.28,Miami,470,446.86,0.159,9.31,0.0208
EV0037,Tesla Model 3,60,25.95,88.67,62.72,13,0.97,37.63,San Francisco,430,396.07,0.16,8.38,0.0212
EV0038,Nissan Leaf,40,46.61,88.85,42.24,19,0.99,16.9,San Francisco,240,239.34,0.175,3.11,0.013
EV0039,Hyundai Kona EV,64,39.52,91.09,51.57,9,1.0,33.01,Miami,415,384.2,0.136,4.23,0.011
EV0040,Volkswagen ID.4,82,44.22,94.07,49.85,14,1.5,40.88,Los Angeles,440,433.38,0.162,8.34,0.0192
EV0041,Volkswagen ID.4,82,27.35,87.97,60.62,14,1.49,49.71,Seattle,440,420.88,0.214,15.17,0.036
EV0042,Nissan Leaf,40,11.06,91.72,80.66,16,0.68,32.26,Miami,240,236.99,0.186,4.47,0.0189
EV0043,Hyundai Kona EV,64,31.82,98.83,67.0,17,1.84,42.88,New York,415,381.33,0.127,13.06,0.0342
EV0044,Volkswagen ID.4,82,42.58,85.64,43.06,22,3.01,35.31,Phoenix,440,429.65,0.146,3.95,0.0092
EV0045,Tesla Model 3,60,42.14,85.64,43.5,18,1.83,26.1,New York,430,421.62,0.138,4.57,0.0108
EV0046,Volkswagen ID.4,82,32.47,84.77,52.3,17,1.19,42.88,Seattle,440,409.03,0.155,15.9,0.0389
EV0047,Volkswagen ID.4,82,29.86,87.79,57.93,17,2.43,47.5,Seattle,440,415.26,0.152,13.75,0.0331
EV0048,Hyundai Kona EV,64,13.67,92.05,78.38,18,1.64,50.16,Phoenix,415,410.24,0.163,16.9,0.0412
EV0049,Hyundai Kona EV,64,47.24,99.48,52.25,23,0.67,33.44,Seattle,415,402.65,0.158,9.55,0.0237
EV0050,Hyundai Kona EV,64,43.54,88.52,44.98,13,1.77,28.79,New York,415,405.85,0.167,3.58,0.0088
EV0051,Hyundai Kona EV,64,19.33,91.63,72.3,14,1.05,46.27,Seattle,415,403.76,0.136,15.41,0.0382
EV0052,Volkswagen ID.4,82,38.2,84.97,46.77,15,1.83,38.35,San Francisco,440,411.35,0.15,9.23,0.0224
EV0053,Nissan Leaf,40,39.64,95.34,55.7,19,0.53,22.28,Houston,240,241.6,0.148,4.14,0.0171
EV0054,Tesla Model 3,60,18.94,99.26,80.32,17,6.76,48.19,Miami,430,367.72,0.162,5.45,0.0148
EV0055,Hyundai Kona EV,64,49.72,81.48,31.76,16,0.66,20.32,New York,415,404.58,0.136,8.1,0.02
EV0056,Volkswagen ID.4,82,33.37,98.02,64.65,12,6.18,53.01,Houston,440,398.74,0.145,10.64,0.0267
EV0057,Nissan Leaf,40,17.52,89.27,71.75,12,1.31,28.7,New York,240,229.8,0.144,3.15,0.0137
EV0058,Tesla Model 3,60,22.38,96.28,73.89,9,1.22,44.34,Phoenix,430,405.86,0.163,12.16,0.03
EV0059,Tesla Model 3,60,26.73,98.65,71.92,20,0.98,43.15,Miami,430,398.41,0.138,15.05,0.0378
EV0060,Tesla Model 3,60,43.53,89.37,45.84,21,1.12,27.5,New York,430,415.86,0.188,8.94,0.0215
EV0061,Chevrolet Bolt,66,32.22,95.38,63.16,14,0.88,41.69,San Francisco,415,407.17,0.137,7.6,0.0187
EV0062,Ford Mustang Mach-E,70,19.15,93.43,74.29,12,1.56,52.0,Houston,470,364.76,0.145,18.17,0.0498
EV0063,Nissan Leaf,40,44.09,91.04,46.95,15,0.61,18.78,Miami,240,239.66,0.098,6.3,0.0263
EV0064,Volkswagen ID.4,82,38.16,84.26,46.1,13,3.02,37.8,Houston,440,419.19,0.155,11.0,0.0262
EV0065,Chevrolet Bolt,66,13.64,94.53,80.89,19,1.76,53.39,San Francisco,415,392.1,0.17,20.55,0.0524
EV0066,Ford Mustang Mach-E,70,28.37,96.84,68.47,17,1.2,47.93,Houston,470,455.53,0.149,11.88,0.0261
EV0067,Hyundai Kona EV,64,18.37,91.59,73.23,7,2.19,46.87,Miami,415,436.42,0.128,9.55,0.0219
EV0068,Chevrolet Bolt,66,44.97,90.3,45.33,17,0.61,29.92,Phoenix,415,383.25,0.134,4.58,0.012
EV0069,Hyundai Kona EV,64,31.95,90.69,58.74,11,1.7,37.59,Los Angeles,415,370.17,0.16,4.68,0.0126
EV0070,Volkswagen ID.4,82,16.28,87.55,71.27,20,8.71,58.44,Houston,440,431.51,0.165,9.08,0.021
EV0071,Volkswagen ID.4,82,19.44,95.2,75.75,14,2.09,62.12,Chicago,440,420.8,0.167,22.89,0.0544
EV0072,Volkswagen ID.4,82,39.98,80.61,40.62,12,0.75,33.31,San Francisco,440,382.66,0.154,6.02,0.0157
EV0073,Hyundai Kona EV,64,17.29,91.28,73.99,16,1.1,47.35,New York,415,376.09,0.154,14.38,0.0382
EV0074,Chevrolet Bolt,66,35.95,89.59,53.64,19,1.11,35.4,San Francisco,415,425.85,0.161,8.12,0.0191
EV0075,Chevrolet Bolt,66,25.15,86.75,61.6,10,0.89,40.65,Chicago,415,406.6,0.151,6.96,0.0171
EV0076,Volkswagen ID.4,82,19.01,87.31,68.29,16,2.02,56.0,San Francisco,440,404.97,0.133,8.51,0.021
EV0077,Tesla Model 3,60,13.21,90.49,77.28,17,1.9,46.37,Houston,430,406.67,0.186,16.06,0.0395
EV0078,Nissan Leaf,40,32.27,91.43,59.16,15,1.26,23.66,Houston,240,217.08,0.163,7.59,0.035
EV0079,Ford Mustang Mach-E,70,14.59,92.21,77.62,11,2.84,54.33,Houston,470,452.79,0.168,11.45,0.0253
EV0080,Nissan Leaf,40,31.94,90.98,59.03,9,1.54,23.61,Miami,240,220.78,0.165,7.19,0.0326
EV0081,Tesla Model 3,60,14.67,89.46,74.8,15,1.36,44.88,Phoenix,430,411.93,0.157,17.12,0.0416
EV0082,Ford Mustang Mach-E,70,25.17,98.53,73.36,13,1.35,51.35,Houston,470,443.68,0.152,17.39,0.0392
EV0083,Volkswagen ID.4,82,41.98,96.5,54.52,18,3.04,44.71,San Francisco,440,389.6,0.167,9.73,0.025
EV0084,Volkswagen ID.4,82,45.99,92.48,46.5,14,1.27,38.13,Seattle,440,383.23,0.15,14.1,0.0368
EV0085,Nissan Leaf,40,31.74,98.13,66.39,10,0.79,26.55,Miami,240,241.73,0.184,7.22,0.0299
EV0086,Hyundai Kona EV,64,16.07,86.23,70.17,15,2.58,44.91,Seattle,415,386.94,0.141,14.11,0.0365
EV0087,Hyundai Kona EV,64,45.07,86.84,41.77,14,0.63,26.73,Phoenix,415,373.94,0.13,5.95,0.0159
EV0088,Hyundai Kona EV,64,38.8,92.82,54.02,3,0.94,34.57,Houston,415,409.15,0.181,12.03,0.0294
EV0089,Volkswagen ID.4,82,46.34,91.67,45.33,18,1.55,37.17,Houston,440,416.78,0.145,11.81,0.0283
EV0090,Chevrolet Bolt,66,47.28,91.3,44.02,14,0.79,29.05,Miami,415,381.75,0.176,3.51,0.0092
EV0091,Chevrolet Bolt,66,39.46,98.69,59.23,12,0.84,39.09,Phoenix,415,391.64,0.142,13.73,0.0351
EV0092,Tesla Model 3,60,44.8,90.38,45.58,14,0.85,27.35,Phoenix,430,438.54,0.136,4.42,0.0101
EV0093,Tesla Model 3,60,10.19,86.67,76.48,19,1.92,45.89,Los Angeles,430,410.08,0.119,17.23,0.042
EV0094,Chevrolet Bolt,66,11.31,98.25,86.94,4,3.3,57.38,New York,415,338.29,0.149,21.49,0.0635
EV0095,Tesla Model 3,60,41.22,85.55,44.33,16,1.65,26.6,New York,430,376.58,0.134,10.61,0.0282
EV0096,Tesla Model 3,60,21.98,86.2,64.21,15,1.62,38.53,Chicago,430,412.76,0.147,6.22,0.0151
EV0097,Hyundai Kona EV,64,35.0,87.55,52.56,9,0.78,33.64,Chicago,415,408.79,0.178,7.81,0.0191
EV0098,Nissan Leaf,40,29.88,95.31,65.43,5,2.36,26.17,Miami,240,211.11,0.134,7.67,0.0363
EV0099,Ford Mustang Mach-E,70,42.03,99.58,57.55,14,0.94,40.28,New York,470,470.57,0.136,12.15,0.0258
EV0100,Hyundai Kona EV,64,33.8,86.79,52.98,13,1.08,33.91,Chicago,415,368.89,0.164,4.4,0.0119
EV0101,Volkswagen ID.4,82,34.13,96.14,62.01,9,1.05,50.85,Los Angeles,440,398.19,0.157,11.51,0.0289
EV0102,Nissan Leaf,40,46.42,92.5,46.07,10,0.87,18.43,Seattle,240,243.79,0.115,3.32,0.0136
EV0103,Hyundai Kona EV,64,23.81,95.48,71.67,14,2.05,45.87,Los Angeles,415,404.05,0.139,16.54,0.0409
EV0104,Chevrolet Bolt,66,45.78,96.0,50.22,17,1.32,33.14,Chicago,415,429.55,0.152,10.26,0.0239
EV0105,Tesla Model 3,60,20.32,82.79,62.47,16,0.88,37.48,Phoenix,430,415.97,0.172,13.0,0.0312
EV0106,Hyundai Kona EV,64,42.6,89.96,47.36,20,3.19,30.31,Phoenix,415,415.6,0.159,4.91,0.0118
EV0107,Nissan Leaf,40,15.6,85.27,69.67,12,1.53,27.87,Phoenix,240,238.13,0.13,10.43,0.0438
EV0108,Nissan Leaf,40,26.18,95.42,69.24,18,1.11,27.7,Los Angeles,240,234.21,0.135,3.46,0.0148
EV0109,Ford Mustang Mach-E,70,40.84,81.36,40.53,19,0.66,28.37,Chicago,470,443.57,0.161,6.89,0.0155
EV0110,Volkswagen ID.4,82,15.4,89.68,74.28,8,3.33,60.91,Seattle,440,431.37,0.12,7.03,0.0163
EV0111,Volkswagen ID.4,82,48.21,83.09,34.88,7,0.85,28.6,Miami,440,410.28,0.149,8.77,0.0214
EV0112,Nissan Leaf,40,28.39,81.52,53.13,23,2.13,21.25,Houston,240,214.95,0.169,5.89,0.0274
EV0113,Chevrolet Bolt,66,22.58,96.15,73.56,18,1.0,48.55,New York,415,415.21,0.154,17.57,0.0423
EV0114,Hyundai Kona EV,64,40.36,94.48,54.12,10,1.01,34.64,Miami,415,392.79,0.117,5.76,0.0147
EV0115,Nissan Leaf,40,12.06,93.4,81.33,10,3.82,32.53,Seattle,240,259.27,0.159,12.73,0.0491
EV0116,Hyundai Kona EV,64,28.97,97.24,68.27,15,1.01,43.69,Los Angeles,415,439.71,0.157,12.89,0.0293
EV0117,Chevrolet Bolt,66,32.43,89.62,57.19,5,0.84,37.75,Seattle,415,421.19,0.146,9.88,0.0235
EV0118,Hyundai Kona EV,64,36.47,94.76,58.29,14,1.28,37.31,Phoenix,415,366.25,0.162,4.0,0.0109
EV0119,Nissan Leaf,40,49.61,80.0,30.39,18,0.83,12.16,Chicago,240,225.94,0.14,2.97,0.0131
EV0120,Tesla Model 3,60,33.23,85.43,52.2,21,1.31,31.32,San Francisco,430,372.34,0.115,10.06,0.027
EV0121,Volkswagen ID.4,82,10.13,89.35,79.21,17,3.33,64.95,Phoenix,440,434.37,0.149,13.98,0.0322
EV0122,Ford Mustang Mach-E,70,18.73,99.0,80.27,16,1.38,56.19,Chicago,470,452.94,0.151,20.52,0.0453
EV0123,Chevrolet Bolt,66,46.15,99.78,53.63,15,0.91,35.4,Phoenix,415,380.57,0.173,8.98,0.0236
EV0124,Nissan Leaf,40,11.88,87.68,75.8,22,3.7,30.32,Los Angeles,240,220.35,0.174,3.56,0.0161
EV0125,Tesla Model 3,60,30.73,91.95,61.22,16,1.25,36.73,Los Angeles,430,371.76,0.133,12.66,0.0341
EV0126,Volkswagen ID.4,82,34.92,94.96,60.04,17,6.07,49.23,Houston,440,399.52,0.153,17.88,0.0448
EV0127,Chevrolet Bolt,66,20.92,89.53,68.62,18,5.31,45.29,Chicago,415,390.09,0.146,9.59,0.0246
EV0128,Chevrolet Bolt,66,38.94,89.92,50.98,12,3.33,33.65,Houston,415,395.15,0.171,12.52,0.0317
EV0129,Chevrolet Bolt,66,23.91,93.56,69.65,18,1.48,45.97,Chicago,415,386.79,0.142,6.77,0.0175
EV0130,Tesla Model 3,60,23.36,84.77,61.41,18,0.78,36.85,Houston,430,438.22,0.163,5.44,0.0124
EV0131,Chevrolet Bolt,66,48.45,89.31,40.86,16,0.6,26.97,Los Angeles,415,391.09,0.158,6.8,0.0174
EV0132,Nissan Leaf,40,21.48,92.34,70.86,17,0.58,28.34,New York,240,224.6,0.132,2.91,0.013
EV0133,Hyundai Kona EV,64,41.19,82.14,40.95,18,0.66,26.21,Seattle,415,395.25,0.126,8.55,0.0216
EV0134,Volkswagen ID.4,82,47.49,93.76,46.27,14,3.98,37.94,Chicago,440,428.79,0.138,11.86,0.0277
EV0135,Volkswagen ID.4,82,23.84,92.42,68.58,17,6.55,56.24,Seattle,440,406.43,0.173,9.88,0.0243
EV0136,Nissan Leaf,40,16.36,89.37,73.01,14,0.61,29.21,Chicago,240,213.24,0.146,9.88,0.0464
EV0137,Hyundai Kona EV,64,21.93,96.8,74.86,14,1.19,47.91,Chicago,415,386.89,0.163,10.82,0.028
EV0138,Chevrolet Bolt,66,48.58,95.2,46.62,15,1.19,30.77,Chicago,415,412.88,0.146,5.2,0.0126
EV0139,Hyundai Kona EV,64,18.01,97.36,79.35,11,1.35,50.78,Chicago,415,447.45,0.157,16.82,0.0376
EV0140,Volkswagen ID.4,82,31.21,80.36,49.14,17,0.98,40.3,Houston,440,445.48,0.16,9.85,0.0221
EV0141,Volkswagen ID.4,82,33.93,92.15,58.21,10,2.75,47.73,Houston,440,424.96,0.153,8.63,0.0203
EV0142,Chevrolet Bolt,66,49.37,82.99,33.62,13,0.83,22.19,San Francisco,415,384.86,0.102,6.21,0.0161
EV0143,Chevrolet Bolt,66,37.8,97.2,59.4,15,0.97,39.21,Miami,415,382.4,0.144,9.59,0.0251
EV0144,Ford Mustang Mach-E,70,38.1,91.19,53.09,16,5.29,37.17,Houston,470,447.97,0.134,13.56,0.0303
EV0145,Volkswagen ID.4,82,11.33,81.57,70.24,16,2.42,57.6,San Francisco,440,394.62,0.168,6.47,0.0164
EV0146,Ford Mustang Mach-E,70,14.18,92.73,78.55,18,1.48,54.98,San Francisco,470,486.49,0.178,15.61,0.0321
EV0147,Tesla Model 3,60,38.36,97.42,59.06,13,0.94,35.43,Chicago,430,431.91,0.192,9.42,0.0218
EV0148,Volkswagen ID.4,82,42.69,89.05,46.35,15,1.1,38.01,New York,440,413.12,0.126,12.07,0.0292
EV0149,Ford Mustang Mach-E,70,19.88,83.19,63.31,11,1.0,44.31,Seattle,470,434.06,0.139,6.58,0.0152
EV0150,Volkswagen ID.4,82,38.77,84.57,45.8,15,0.75,37.56,New York,440,399.45,0.15,8.3,0.0208
EV0151,Hyundai Kona EV,64,12.89,80.61,67.73,20,2.44,43.34,Seattle,415,391.95,0.173,12.51,0.0319
EV0152,Ford Mustang Mach-E,70,24.84,99.75,74.91,14,6.29,52.44,New York,470,507.45,0.158,5.71,0.0112
EV0153,Nissan Leaf,40,29.47,97.47,68.0,9,0.6,27.2,Chicago,240,221.13,0.132,5.85,0.0265
EV0154,Nissan Leaf,40,35.26,94.66,59.4,10,1.93,23.76,Miami,240,247.88,0.119,6.88,0.0278
EV0155,Volkswagen ID.4,82,48.86,83.62,34.76,9,0.65,28.51,Houston,440,416.89,0.182,7.81,0.0187
EV0156,Ford Mustang Mach-E,70,33.72,83.27,49.55,9,1.47,34.69,New York,470,471.1,0.144,3.56,0.0076
EV0157,Tesla Model 3,60,40.94,82.62,41.68,9,0.51,25.01,Chicago,430,402.64,0.112,5.87,0.0146
EV0158,Ford Mustang Mach-E,70,43.16,88.62,45.46,13,1.83,31.82,Chicago,470,416.03,0.12,8.96,0.0215
EV0159,Hyundai Kona EV,64,31.34,95.64,64.3,20,1.11,41.15,San Francisco,415,390.9,0.145,7.44,0.019
EV0160,Nissan Leaf,40,14.92,84.62,69.7,15,3.15,27.88,New York,240,226.43,0.129,10.6,0.0468
EV0161,Hyundai Kona EV,64,14.13,91.69,77.56,14,1.36,49.64,Chicago,415,343.31,0.168,11.74,0.0342
EV0162,Chevrolet Bolt,66,29.55,93.34,63.78,17,3.32,42.1,Miami,415,395.58,0.152,6.26,0.0158
EV0163,Hyundai Kona EV,64,13.76,93.45,79.7,15,1.97,51.01,Los Angeles,415,398.76,0.148,8.84,0.0222
EV0164,Nissan Leaf,40,44.76,91.41,46.66,15,2.36,18.66,Miami,240,235.42,0.153,6.5,0.0276
EV0165,Hyundai Kona EV,64,33.09,86.97,53.88,9,2.55,34.49,New York,415,413.57,0.17,11.54,0.0279
EV0166,Hyundai Kona EV,64,21.55,82.18,60.63,14,1.11,38.81,San Francisco,415,418.93,0.125,13.29,0.0317
EV0167,Nissan Leaf,40,45.12,86.34,41.23,10,0.37,16.49,Seattle,240,217.21,0.124,5.09,0.0234
EV0168,Ford Mustang Mach-E,70,31.94,91.93,59.99,9,1.39,41.99,Chicago,470,485.09,0.17,12.0,0.0247
EV0169,Volkswagen ID.4,82,30.02,90.85,60.83,16,1.04,49.88,Seattle,440,392.01,0.197,16.43,0.0419
EV0170,Volkswagen ID.4,82,39.88,94.31,54.43,18,1.53,44.64,Phoenix,440,434.7,0.156,7.72,0.0178
EV0171,Chevrolet Bolt,66,25.2,83.94,58.74,14,1.42,38.77,Houston,415,385.38,0.133,7.45,0.0193
EV0172,Ford Mustang Mach-E,70,31.57,86.23,54.66,12,1.16,38.26,Los Angeles,470,453.93,0.149,13.28,0.0292
EV0173,Volkswagen ID.4,82,17.25,93.62,76.38,23,4.33,62.63,Miami,440,422.89,0.139,23.51,0.0556
EV0174,Ford Mustang Mach-E,70,29.34,96.12,66.78,18,1.53,46.74,Miami,470,422.96,0.151,4.71,0.0111
EV0175,Volkswagen ID.4,82,42.77,97.68,54.92,17,2.73,45.03,Los Angeles,440,389.48,0.165,14.9,0.0383
EV0176,Tesla Model 3,60,19.47,95.61,76.14,14,2.47,45.68,Chicago,430,417.86,0.168,15.66,0.0375
EV0177,Chevrolet Bolt,66,34.95,89.04,54.08,18,1.11,35.69,Los Angeles,415,379.0,0.199,5.48,0.0145
EV0178,Hyundai Kona EV,64,35.68,92.14,56.46,8,1.19,36.14,Los Angeles,415,409.49,0.123,4.25,0.0104
EV0179,Tesla Model 3,60,49.51,82.73,33.22,10,0.54,19.93,Seattle,430,367.37,0.171,5.6,0.0152
EV0180,Volkswagen ID.4,82,33.14,85.48,52.35,13,4.27,42.93,Miami,440,442.88,0.184,9.46,0.0214
EV0181,Tesla Model 3,60,19.07,87.1,68.03,12,4.25,40.82,Phoenix,430,409.22,0.154,7.4,0.0181
EV0182,Nissan Leaf,40,37.21,84.62,47.41,13,0.72,18.96,San Francisco,240,236.34,0.189,6.05,0.0256
EV0183,Volkswagen ID.4,82,23.34,91.61,68.27,16,5.36,55.98,Seattle,440,426.32,0.153,7.22,0.0169
EV0184,Tesla Model 3,60,42.87,80.02,37.15,10,1.13,22.29,Miami,430,397.02,0.122,3.25,0.0082
EV0185,Hyundai Kona EV,64,39.49,95.37,55.88,13,2.08,35.77,San Francisco,415,399.92,0.154,4.95,0.0124
EV0186,Ford Mustang Mach-E,70,41.28,94.17,52.89,14,4.53,37.03,New York,470,430.47,0.127,7.93,0.0184
EV0187,Nissan Leaf,40,47.48,91.08,43.6,11,0.88,17.44,Houston,240,202.17,0.157,4.71,0.0233
EV0188,Ford Mustang Mach-E,70,18.34,98.61,80.27,21,4.82,56.19,Los Angeles,470,481.19,0.172,14.6,0.0303
EV0189,Volkswagen ID.4,82,42.24,95.8,53.56,15,2.22,43.92,Los Angeles,440,401.37,0.141,17.01,0.0424
EV0190,Nissan Leaf,40,35.64,96.45,60.81,13,1.97,24.32,San Francisco,240,238.95,0.118,3.45,0.0144
EV0191,Volkswagen ID.4,82,43.17,86.35,43.18,18,0.74,35.41,Los Angeles,440,439.95,0.16,8.13,0.0185
EV0192,Hyundai Kona EV,64,47.46,97.52,50.06,16,1.72,32.04,Seattle,415,369.15,0.162,9.16,0.0248
EV0193,Ford Mustang Mach-E,70,24.59,87.73,63.14,13,1.42,44.2,San Francisco,470,432.36,0.139,6.03,0.0139
EV0194,Volkswagen ID.4,82,20.62,83.56,62.94,14,1.41,51.61,New York,440,421.53,0.15,17.76,0.0421
EV0195,Ford Mustang Mach-E,70,22.25,92.48,70.23,11,1.67,49.16,Houston,470,441.59,0.184,10.14,0.023
EV0196,Chevrolet Bolt,66,26.57,96.55,69.99,11,1.2,46.19,San Francisco,415,389.42,0.129,15.57,0.04
EV0197,Hyundai Kona EV,64,40.41,82.74,42.33,12,0.91,27.09,Houston,415,393.61,0.15,4.87,0.0124
EV0198,Hyundai Kona EV,64,29.53,83.0,53.47,0,1.65,34.22,Houston,415,416.9,0.161,9.73,0.0233
EV0199,Hyundai Kona EV,64,28.38,95.7,67.32,20,0.95,43.09,Houston,415,370.99,0.146,16.33,0.044
EV0200,Ford Mustang Mach-E,70,41.25,96.5,55.26,14,1.38,38.68,Miami,470,453.0,0.166,10.99,0.0243
EV0201,Ford Mustang Mach-E,70,28.02,97.65,69.62,15,4.36,48.74,Miami,470,452.59,0.143,5.92,0.0131
EV0202,Tesla Model 3,60,48.26,94.75,46.49,16,1.27,27.89,San Francisco,430,385.35,0.114,7.39,0.0192
EV0203,Volkswagen ID.4,82,40.57,85.3,44.73,19,4.88,36.68,New York,440,401.35,0.146,14.23,0.0355
EV0204,Volkswagen ID.4,82,45.83,86.44,40.61,15,2.77,33.3,Chicago,440,419.25,0.155,9.15,0.0218
EV0205,Ford Mustang Mach-E,70,16.27,80.87,64.61,12,3.96,45.23,Miami,470,451.24,0.115,12.84,0.0285
EV0206,Volkswagen ID.4,82,20.95,98.57,77.61,8,1.77,63.64,Chicago,440,424.76,0.166,11.82,0.0278
EV0207,Volkswagen ID.4,82,44.45,96.93,52.48,19,0.93,43.03,Phoenix,440,400.1,0.124,5.0,0.0125
EV0208,Volkswagen ID.4,82,40.13,85.39,45.26,16,1.24,37.11,Phoenix,440,415.92,0.148,11.79,0.0284
EV0209,Chevrolet Bolt,66,48.61,89.77,41.16,12,2.07,27.17,Phoenix,415,357.47,0.155,5.14,0.0144
EV0210,Chevrolet Bolt,66,16.06,81.88,65.81,2,1.37,43.44,New York,415,381.34,0.16,10.36,0.0272
EV0211,Tesla Model 3,60,39.67,97.63,57.96,16,1.86,34.78,Los Angeles,430,404.26,0.155,11.13,0.0275
EV0212,Chevrolet Bolt,66,17.52,87.11,69.59,10,1.13,45.93,Houston,415,419.09,0.152,16.17,0.0386
EV0213,Ford Mustang Mach-E,70,39.83,84.05,44.22,10,0.64,30.95,Chicago,470,420.5,0.148,7.76,0.0184
EV0214,Nissan Leaf,40,24.73,88.97,64.24,20,0.68,25.7,Miami,240,222.5,0.143,7.68,0.0345
EV0215,Volkswagen ID.4,82,37.82,80.06,42.24,20,1.03,34.64,Houston,440,405.39,0.17,8.76,0.0216
EV0216,Chevrolet Bolt,66,12.59,91.6,79.01,14,1.68,52.14,Houston,415,393.84,0.137,14.59,0.037
EV0217,Chevrolet Bolt,66,20.79,96.5,75.71,20,1.77,49.97,San Francisco,415,380.78,0.161,12.8,0.0336
EV0218,Hyundai Kona EV,64,15.9,86.56,70.67,14,1.78,45.23,Los Angeles,415,382.16,0.147,15.4,0.0403
EV0219,Chevrolet Bolt,66,39.34,85.99,46.64,15,2.18,30.79,Seattle,415,441.37,0.145,10.83,0.0245
EV0220,Chevrolet Bolt,66,39.6,99.01,59.41,12,2.54,39.21,Houston,415,364.98,0.127,4.23,0.0116
EV0221,Tesla Model 3,60,33.43,91.73,58.3,13,0.95,34.98,Miami,430,380.53,0.16,8.31,0.0218
EV0222,Hyundai Kona EV,64,38.24,92.62,54.38,13,3.97,34.8,Seattle,415,334.67,0.147,11.1,0.0332
EV0223,Volkswagen ID.4,82,12.29,84.5,72.21,18,4.81,59.21,New York,440,414.16,0.148,10.57,0.0255
EV0224,Chevrolet Bolt,66,21.02,95.74,74.72,15,1.01,49.31,Miami,415,387.95,0.181,16.42,0.0423
EV0225,Ford Mustang Mach-E,70,16.26,97.06,80.81,20,6.56,56.56,Phoenix,470,494.28,0.102,11.55,0.0234
EV0226,Nissan Leaf,40,39.3,90.97,51.67,19,1.7,20.67,Miami,240,209.25,0.139,6.6,0.0315
EV0227,Nissan Leaf,40,49.18,82.9,33.72,13,0.35,13.49,Chicago,240,215.23,0.152,2.76,0.0128
EV0228,Tesla Model 3,60,10.88,94.4,83.52,17,2.03,50.11,New York,430,412.81,0.173,12.88,0.0312
EV0229,Hyundai Kona EV,64,19.1,88.08,68.98,16,1.46,44.15,Los Angeles,415,423.91,0.148,10.83,0.0256
EV0230,Hyundai Kona EV,64,15.64,93.28,77.65,12,3.11,49.69,Los Angeles,415,345.22,0.13,14.67,0.0425
EV0231,Volkswagen ID.4,82,21.62,95.74,74.12,16,5.3,60.78,Chicago,440,417.52,0.137,10.79,0.0258
EV0232,Ford Mustang Mach-E,70,31.79,95.17,63.37,18,1.13,44.36,Seattle,470,454.09,0.145,16.14,0.0355
EV0233,Ford Mustang Mach-E,70,20.22,98.93,78.71,17,1.78,55.1,Los Angeles,470,483.82,0.149,20.54,0.0425
EV0234,Tesla Model 3,60,25.63,95.97,70.34,13,1.86,42.2,Seattle,430,399.33,0.173,14.04,0.0352
EV0235,Chevrolet Bolt,66,17.82,83.73,65.91,21,4.07,43.5,Phoenix,415,379.57,0.174,9.52,0.0251
EV0236,Volkswagen ID.4,82,31.32,83.16,51.84,18,1.16,42.51,Houston,440,426.36,0.128,8.88,0.0208
EV0237,Chevrolet Bolt,66,21.08,99.67,78.59,13,4.08,51.87,Phoenix,415,383.55,0.166,10.06,0.0262
EV0238,Volkswagen ID.4,82,34.61,81.67,47.06,18,0.86,38.59,Houston,440,399.09,0.173,15.3,0.0383
EV0239,Hyundai Kona EV,64,49.36,93.36,43.99,11,0.82,28.16,Chicago,415,388.95,0.138,3.06,0.0079
EV0240,Ford Mustang Mach-E,70,45.61,81.59,35.98,17,0.66,25.18,Phoenix,470,416.92,0.13,9.46,0.0227
EV0241,Volkswagen ID.4,82,38.41,86.29,47.88,15,1.45,39.26,Phoenix,440,446.73,0.165,14.29,0.032
EV0242,Volkswagen ID.4,82,16.95,94.24,77.29,13,1.49,63.38,San Francisco,440,404.84,0.183,23.55,0.0582
EV0243,Chevrolet Bolt,66,28.01,94.98,66.96,9,1.27,44.2,Phoenix,415,420.06,0.159,7.79,0.0185
EV0244,Tesla Model 3,60,15.05,93.52,78.47,17,2.27,47.08,Miami,430,418.6,0.13,18.72,0.0447
EV0245,Chevrolet Bolt,66,37.77,90.25,52.49,20,1.75,34.64,San Francisco,415,366.93,0.146,11.85,0.0323
EV0246,Ford Mustang Mach-E,70,36.6,85.21,48.61,17,0.74,34.02,Chicago,470,409.82,0.121,5.72,0.0139
EV0247,Hyundai Kona EV,64,31.87,87.61,55.74,15,0.73,35.67,New York,415,374.69,0.142,13.91,0.0371
EV0248,Volkswagen ID.4,82,44.33,85.84,41.51,15,0.74,34.04,Los Angeles,440,436.56,0.16,13.43,0.0308
EV0249,Volkswagen ID.4,82,39.07,86.1,47.03,18,0.91,38.56,San Francisco,440,409.5,0.142,4.65,0.0113
EV0250,Tesla Model 3,60,19.68,80.25,60.57,14,1.35,36.34,New York,430,424.53,0.132,10.16,0.0239
EV0251,Chevrolet Bolt,66,46.12,97.05,50.93,19,0.94,33.61,Seattle,415,398.7,0.161,11.81,0.0296
EV0252,Volkswagen ID.4,82,27.17,85.36,58.19,1,1.17,47.71,Phoenix,440,401.86,0.151,16.67,0.0415
EV0253,Chevrolet Bolt,66,29.53,94.75,65.22,11,1.46,43.04,Chicago,415,391.97,0.147,12.14,0.031
EV0254,Chevrolet Bolt,66,27.81,95.78,67.97,19,1.31,44.86,Seattle,415,374.22,0.151,9.66,0.0258
EV0255,Hyundai Kona EV,64,48.83,85.25,36.42,17,1.27,23.31,Miami,415,393.84,0.138,4.11,0.0104
EV0256,Tesla Model 3,60,11.59,92.08,80.49,16,1.05,48.29,Chicago,430,403.77,0.109,7.67,0.019
EV0257,Chevrolet Bolt,66,27.9,89.49,61.59,20,1.26,40.65,New York,415,396.76,0.144,13.85,0.0349
EV0258,Tesla Model 3,60,18.74,87.94,69.2,12,4.87,41.52,New York,430,391.75,0.146,11.84,0.0302
EV0259,Hyundai Kona EV,64,23.81,90.15,66.34,23,0.95,42.46,Chicago,415,392.99,0.165,6.35,0.0162
EV0260,Ford Mustang Mach-E,70,39.19,97.65,58.45,15,1.15,40.92,Phoenix,470,409.34,0.168,14.2,0.0347
EV0261,Ford Mustang Mach-E,70,42.85,80.03,37.18,16,0.76,26.03,Los Angeles,470,432.05,0.166,8.85,0.0205
EV0262,Ford Mustang Mach-E,70,24.76,82.42,57.66,11,1.63,40.36,Houston,470,441.68,0.167,7.92,0.0179
EV0263,Tesla Model 3,60,47.67,93.37,45.7,20,0.76,27.42,Los Angeles,430,371.22,0.127,3.69,0.01
EV0264,Ford Mustang Mach-E,70,16.87,92.76,75.88,16,1.37,53.12,Phoenix,470,447.87,0.135,7.58,0.0169
EV0265,Tesla Model 3,60,37.8,90.65,52.85,15,1.22,31.71,Phoenix,430,391.97,0.153,6.44,0.0164
EV0266,Tesla Model 3,60,12.7,87.75,75.05,11,1.03,45.03,Houston,430,382.84,0.168,8.64,0.0226
EV0267,Nissan Leaf,40,33.61,84.53,50.91,0,0.87,20.37,New York,240,211.46,0.114,5.59,0.0265
EV0268,Nissan Leaf,40,24.8,80.55,55.75,13,0.94,22.3,Miami,240,214.91,0.142,5.11,0.0238
EV0269,Ford Mustang Mach-E,70,11.79,95.24,83.45,16,1.22,58.41,Los Angeles,470,396.78,0.122,7.1,0.0179
EV0270,Volkswagen ID.4,82,33.84,82.03,48.19,20,0.91,39.51,Miami,440,390.84,0.138,15.66,0.0401
EV0271,Tesla Model 3,60,14.21,83.35,69.14,11,0.85,41.48,Los Angeles,430,410.6,0.128,4.44,0.0108
EV0272,Chevrolet Bolt,66,15.88,89.76,73.87,14,3.98,48.76,Los Angeles,415,408.71,0.143,13.7,0.0335
EV0273,Ford Mustang Mach-E,70,31.82,81.76,49.95,15,1.06,34.96,Phoenix,470,455.84,0.181,12.24,0.0269
EV0274,Chevrolet Bolt,66,24.25,96.54,72.29,17,1.28,47.71,Los Angeles,415,390.76,0.141,8.64,0.0221
EV0275,Ford Mustang Mach-E,70,43.23,90.9,47.67,17,2.42,33.37,Houston,470,438.09,0.156,9.04,0.0206
EV0276,Nissan Leaf,40,28.46,94.62,66.16,19,2.03,26.46,Phoenix,240,259.73,0.12,4.45,0.0172
EV0277,Chevrolet Bolt,66,46.38,94.44,48.06,14,1.07,31.72,New York,415,400.06,0.143,3.5,0.0087
EV0278,Volkswagen ID.4,82,15.95,89.25,73.3,23,1.22,60.11,Houston,440,416.86,0.183,11.46,0.0275
EV0279,Ford Mustang Mach-E,70,21.43,84.06,62.63,16,1.11,43.84,New York,470,389.64,0.177,16.15,0.0414
EV0280,Chevrolet Bolt,66,26.3,96.55,70.25,12,1.17,46.36,Houston,415,392.04,0.178,18.49,0.0472
EV0281,Ford Mustang Mach-E,70,10.13,92.8,82.68,12,2.96,57.87,Chicago,470,421.13,0.162,16.67,0.0396
EV0282,Nissan Leaf,40,29.07,93.75,64.68,4,0.68,25.87,San Francisco,240,254.88,0.159,7.59,0.0298
EV0283,Ford Mustang Mach-E,70,42.18,85.58,43.4,13,1.93,30.38,Seattle,470,466.63,0.148,8.81,0.0189
EV0284,Hyundai Kona EV,64,10.23,98.74,88.52,14,1.34,56.65,New York,415,406.38,0.159,16.09,0.0396
EV0285,Tesla Model 3,60,38.93,85.61,46.68,0,0.77,28.01,Phoenix,430,425.37,0.151,5.32,0.0125
EV0286,Tesla Model 3,60,30.02,95.89,65.87,18,1.06,39.52,Houston,430,418.12,0.135,11.86,0.0284
EV0287,Ford Mustang Mach-E,70,44.54,88.03,43.49,14,1.58,30.44,San Francisco,470,430.1,0.145,5.11,0.0119
EV0288,Tesla Model 3,60,18.77,80.67,61.9,7,2.33,37.14,Chicago,430,390.12,0.157,13.62,0.0349
EV0289,Volkswagen ID.4,82,28.16,96.43,68.27,17,1.83,55.98,Los Angeles,440,466.81,0.167,19.1,0.0409
EV0290,Volkswagen ID.4,82,32.53,82.4,49.87,18,0.88,40.89,Miami,440,417.44,0.115,7.58,0.0181
EV0291,Nissan Leaf,40,42.95,94.43,51.48,12,1.12,20.59,New York,240,225.44,0.137,3.77,0.0167
EV0292,Volkswagen ID.4,82,45.83,91.67,45.84,16,1.4,37.59,San Francisco,440,436.15,0.133,7.32,0.0168
EV0293,Chevrolet Bolt,66,43.07,82.6,39.53,16,0.84,26.09,Los Angeles,415,416.24,0.147,9.73,0.0234
EV0294,Ford Mustang Mach-E,70,37.01,82.32,45.31,19,3.76,31.72,Phoenix,470,483.37,0.123,9.87,0.0204
EV0295,Nissan Leaf,40,15.56,85.08,69.52,13,0.62,27.81,Chicago,240,218.04,0.152,5.27,0.0242
EV0296,Hyundai Kona EV,64,29.02,92.69,63.67,16,0.82,40.75,New York,415,402.71,0.148,10.19,0.0253
EV0297,Tesla Model 3,60,29.04,82.22,53.18,14,0.93,31.91,Phoenix,430,415.54,0.157,5.22,0.0126
EV0298,Tesla Model 3,60,44.79,94.61,49.82,17,0.86,29.89,Houston,430,429.38,0.182,5.64,0.0131
EV0299,Ford Mustang Mach-E,70,39.54,86.31,46.77,22,0.95,32.74,San Francisco,470,428.61,0.134,3.7,0.0086
EV0300,Hyundai Kona EV,64,12.32,82.23,69.91,16,1.54,44.74,Houston,415,400.44,0.137,7.72,0.0193
EV0301,Volkswagen ID.4,82,23.49,80.39,56.89,15,3.89,46.65,Seattle,440,359.95,0.163,8.4,0.0233
EV0302,Hyundai Kona EV,64,28.56,99.27,70.71,14,1.55,45.25,San Francisco,415,388.67,0.181,8.15,0.021
EV0303,Tesla Model 3,60,30.85,99.52,68.67,15,3.42,41.2,San Francisco,430,412.63,0.112,8.34,0.0202
EV0304,Nissan Leaf,40,18.93,92.84,73.91,13,0.94,29.56,Miami,240,239.86,0.123,11.6,0.0483
EV0305,Chevrolet Bolt,66,10.94,97.97,87.03,15,1.42,57.44,San Francisco,415,425.16,0.156,16.14,0.038
EV0306,Hyundai Kona EV,64,39.9,89.48,49.58,16,3.48,31.73,Los Angeles,415,438.37,0.159,9.31,0.0212
EV0307,Ford Mustang Mach-E,70,41.08,84.1,43.02,19,0.79,30.12,New York,470,452.42,0.158,4.34,0.0096
EV0308,Hyundai Kona EV,64,31.09,98.13,67.04,21,3.13,42.9,Chicago,415,377.42,0.125,16.1,0.0427
EV0309,Volkswagen ID.4,82,28.8,97.8,69.0,11,1.52,56.58,Los Angeles,440,414.57,0.171,11.67,0.0282
EV0310,Nissan Leaf,40,37.18,81.52,44.34,12,0.96,17.74,San Francisco,240,231.38,0.181,2.73,0.0118
EV0311,Volkswagen ID.4,82,32.43,97.28,64.84,17,1.93,53.17,New York,440,433.14,0.141,20.64,0.0477
EV0312,Ford Mustang Mach-E,70,48.06,99.9,51.84,18,0.97,36.29,Los Angeles,470,411.02,0.152,8.63,0.021
EV0313,Nissan Leaf,40,33.74,81.46,47.72,17,0.57,19.09,Seattle,240,228.23,0.171,6.34,0.0278
EV0314,Ford Mustang Mach-E,70,19.89,92.81,72.92,14,1.44,51.04,Chicago,470,453.69,0.171,17.9,0.0394
EV0315,Ford Mustang Mach-E,70,24.28,98.52,74.24,10,3.15,51.97,Houston,470,460.71,0.151,17.8,0.0386
EV0316,Volkswagen ID.4,82,27.15,80.58,53.44,10,1.6,43.82,Phoenix,440,417.84,0.162,11.12,0.0266
EV0317,Tesla Model 3,60,35.42,81.81,46.4,15,3.47,27.84,Los Angeles,430,394.05,0.174,4.88,0.0124
EV0318,Ford Mustang Mach-E,70,32.95,88.31,55.36,13,0.89,38.75,New York,470,446.84,0.131,6.44,0.0144
EV0319,Tesla Model 3,60,19.15,99.13,79.98,11,3.68,47.99,Houston,430,423.73,0.119,13.15,0.031
EV0320,Chevrolet Bolt,66,23.05,96.79,73.74,23,3.79,48.67,Seattle,415,390.33,0.168,16.26,0.0417
EV0321,Nissan Leaf,40,45.56,90.89,45.33,12,1.17,18.13,Miami,240,215.64,0.143,2.2,0.0102
EV0322,Ford Mustang Mach-E,70,21.81,97.59,75.78,17,2.0,53.05,Seattle,470,456.76,0.158,10.59,0.0232
EV0323,Nissan Leaf,40,40.96,87.05,46.1,4,0.43,18.44,Phoenix,240,242.97,0.139,2.05,0.0084
EV0324,Volkswagen ID.4,82,31.87,90.64,58.77,9,1.5,48.19,Houston,440,403.13,0.151,18.89,0.0469
EV0325,Volkswagen ID.4,82,10.4,88.75,78.35,20,1.43,64.24,Houston,440,398.04,0.163,14.57,0.0366
EV0326,Nissan Leaf,40,45.84,96.36,50.52,17,1.15,20.21,Chicago,240,222.48,0.127,7.49,0.0337
EV0327,Volkswagen ID.4,82,26.23,84.41,58.18,11,1.2,47.71,Miami,440,421.12,0.152,14.92,0.0354
EV0328,Chevrolet Bolt,66,20.76,90.35,69.59,12,2.51,45.93,Miami,415,361.29,0.166,14.44,0.04
EV0329,Hyundai Kona EV,64,32.4,95.61,63.21,11,1.08,40.46,Seattle,415,390.49,0.144,15.22,0.039
EV0330,Nissan Leaf,40,39.16,97.23,58.07,23,1.26,23.23,Chicago,240,235.7,0.128,3.42,0.0145
EV0331,Tesla Model 3,60,38.05,94.54,56.49,15,1.09,33.9,Chicago,430,422.88,0.176,7.33,0.0173
EV0332,Ford Mustang Mach-E,70,25.37,80.5,55.13,2,0.9,38.59,Miami,470,457.92,0.175,13.62,0.0297
EV0333,Ford Mustang Mach-E,70,32.36,90.02,57.66,1,1.08,40.36,Phoenix,470,491.8,0.186,14.48,0.0294
EV0334,Hyundai Kona EV,64,48.46,94.29,45.83,16,0.61,29.33,Miami,415,384.31,0.133,5.49,0.0143
EV0335,Volkswagen ID.4,82,36.91,95.93,59.03,20,2.77,48.4,Miami,440,460.56,0.151,8.43,0.0183
EV0336,Ford Mustang Mach-E,70,17.48,80.4,62.92,16,1.87,44.04,Phoenix,470,475.87,0.12,8.82,0.0185
EV0337,Tesla Model 3,60,45.12,92.11,46.99,13,1.63,28.19,New York,430,403.48,0.128,3.3,0.0082
EV0338,Ford Mustang Mach-E,70,49.28,95.7,46.42,20,0.85,32.49,Seattle,470,438.05,0.123,10.57,0.0241
EV0339,Ford Mustang Mach-E,70,21.11,85.53,64.41,10,1.78,45.09,San Francisco,470,448.32,0.158,12.02,0.0268
EV0340,Nissan Leaf,40,38.18,88.45,50.27,16,0.93,20.11,Houston,240,230.08,0.136,5.13,0.0223
EV0341,Chevrolet Bolt,66,20.74,85.75,65.01,16,1.22,42.91,Seattle,415,402.47,0.148,13.25,0.0329
EV0342,Chevrolet Bolt,66,34.95,92.97,58.02,13,2.1,38.3,Los Angeles,415,375.47,0.179,10.31,0.0274
EV0343,Tesla Model 3,60,38.27,92.2,53.93,18,1.6,32.36,Phoenix,430,375.46,0.193,5.3,0.0141
EV0344,Chevrolet Bolt,66,45.32,84.05,38.73,12,0.8,25.56,Los Angeles,415,383.8,0.147,7.37,0.0192
EV0345,Hyundai Kona EV,64,33.32,85.06,51.74,15,1.27,33.12,Phoenix,415,404.57,0.178,5.44,0.0135
EV0346,Volkswagen ID.4,82,14.08,80.17,66.09,18,2.13,54.19,Chicago,440,425.71,0.156,18.71,0.0439
EV0347,Chevrolet Bolt,66,38.94,80.18,41.24,22,0.85,27.22,Los Angeles,415,421.03,0.131,8.06,0.0192
EV0348,Hyundai Kona EV,64,45.1,94.77,49.68,18,4.42,31.79,Seattle,415,374.06,0.112,5.23,0.014
EV0349,Tesla Model 3,60,36.91,81.62,44.71,17,0.56,26.82,Chicago,430,418.23,0.113,9.01,0.0216
EV0350,Chevrolet Bolt,66,34.67,94.86,60.19,15,1.03,39.72,San Francisco,415,414.53,0.135,9.07,0.0219
EV0351,Hyundai Kona EV,64,33.38,90.77,57.39,19,2.01,36.73,New York,415,388.65,0.17,10.7,0.0275
EV0352,Volkswagen ID.4,82,27.1,88.85,61.75,15,1.46,50.63,Phoenix,440,409.28,0.178,12.66,0.0309
EV0353,Chevrolet Bolt,66,33.95,84.02,50.07,12,1.03,33.04,Miami,415,343.82,0.14,9.8,0.0285
EV0354,Tesla Model 3,60,46.96,82.24,35.28,21,0.73,21.17,New York,430,420.17,0.129,7.72,0.0184
EV0355,Hyundai Kona EV,64,43.06,88.92,45.86,23,0.71,29.35,New York,415,353.05,0.123,10.23,0.029
EV0356,Tesla Model 3,60,43.12,84.32,41.2,10,0.59,24.72,Phoenix,430,383.87,0.123,6.22,0.0162
EV0357,Tesla Model 3,60,22.74,98.07,75.33,14,4.53,45.2,New York,430,430.71,0.158,15.88,0.0369
EV0358,Chevrolet Bolt,66,26.58,80.27,53.68,19,1.82,35.43,Seattle,415,373.75,0.161,10.92,0.0292
EV0359,Hyundai Kona EV,64,16.61,80.04,63.43,16,1.07,40.59,San Francisco,415,430.45,0.109,9.1,0.0211
EV0360,Nissan Leaf,40,45.27,82.43,37.16,18,0.44,14.87,Chicago,240,229.27,0.119,4.2,0.0183
EV0361,Volkswagen ID.4,82,16.68,84.87,68.2,20,3.07,55.92,Miami,440,400.62,0.17,12.57,0.0314
EV0362,Volkswagen ID.4,82,44.86,93.58,48.72,0,1.63,39.95,Los Angeles,440,418.01,0.124,8.93,0.0214
EV0363,Volkswagen ID.4,82,33.02,80.44,47.43,15,0.82,38.89,Phoenix,440,460.49,0.132,11.96,0.026
EV0364,Hyundai Kona EV,64,25.67,97.91,72.24,14,2.99,46.23,New York,415,415.57,0.156,13.96,0.0336
EV0365,Chevrolet Bolt,66,32.43,92.57,60.14,17,1.09,39.69,New York,415,430.74,0.171,6.39,0.0148
EV0366,Ford Mustang Mach-E,70,23.35,95.83,72.49,15,1.94,50.74,Chicago,470,438.0,0.174,12.45,0.0284
EV0367,Chevrolet Bolt,66,13.03,87.76,74.73,15,1.19,49.32,Miami,415,395.45,0.149,7.62,0.0193
EV0368,Ford Mustang Mach-E,70,43.92,90.91,46.99,13,0.67,32.9,Los Angeles,470,474.7,0.14,7.57,0.0159
EV0369,Hyundai Kona EV,64,32.36,86.42,54.06,10,2.14,34.6,Chicago,415,363.73,0.132,7.3,0.0201
EV0370,Chevrolet Bolt,66,36.27,94.18,57.91,21,5.49,38.22,Chicago,415,400.8,0.156,8.1,0.0202
EV0371,Ford Mustang Mach-E,70,13.81,82.07,68.26,9,5.48,47.78,Los Angeles,470,489.26,0.164,16.29,0.0333
EV0372,Nissan Leaf,40,40.34,80.29,39.95,19,1.02,15.98,Houston,240,219.35,0.161,2.53,0.0115
EV0373,Ford Mustang Mach-E,70,25.63,83.17,57.54,10,2.26,40.28,Los Angeles,470,493.26,0.154,11.67,0.0237
EV0374,Nissan Leaf,40,22.28,88.3,66.02,19,0.7,26.41,Miami,240,220.44,0.13,4.55,0.0207
EV0375,Chevrolet Bolt,66,44.46,97.37,52.91,17,0.92,34.92,Los Angeles,415,427.64,0.132,12.1,0.0283
EV0376,Nissan Leaf,40,48.34,88.62,40.28,22,0.53,16.11,New York,240,229.18,0.149,4.69,0.0205
EV0377,Tesla Model 3,60,31.15,96.52,65.37,19,1.47,39.22,Seattle,430,380.84,0.167,13.51,0.0355
EV0378,Ford Mustang Mach-E,70,28.46,99.67,71.21,11,1.22,49.84,Los Angeles,470,424.19,0.179,11.45,0.027
EV0379,Tesla Model 3,60,28.56,85.28,56.72,19,1.38,34.03,Miami,430,416.15,0.164,12.47,0.03
EV0380,Hyundai Kona EV,64,27.46,93.34,65.88,14,3.94,42.16,Miami,415,403.99,0.119,5.07,0.0125
EV0381,Chevrolet Bolt,66,49.96,86.53,36.58,17,0.62,24.14,Phoenix,415,400.8,0.199,4.62,0.0115
EV0382,Hyundai Kona EV,64,15.2,80.45,65.25,11,1.88,41.76,Chicago,415,390.29,0.149,5.18,0.0133
EV0383,Hyundai Kona EV,64,19.28,80.29,61.01,21,0.98,39.04,Miami,415,407.32,0.151,3.97,0.0097
EV0384,Chevrolet Bolt,66,34.98,97.29,62.3,11,1.28,41.12,New York,415,398.27,0.138,13.15,0.033
EV0385,Nissan Leaf,40,38.3,87.78,49.49,18,1.2,19.8,San Francisco,240,229.91,0.178,5.74,0.025
EV0386,Hyundai Kona EV,64,49.83,99.62,49.8,9,0.92,31.87,New York,415,408.81,0.149,8.01,0.0196
EV0387,Chevrolet Bolt,66,43.31,87.25,43.94,13,0.66,29.0,Chicago,415,397.43,0.17,5.29,0.0133
EV0388,Chevrolet Bolt,66,39.91,96.21,56.29,21,1.51,37.15,Miami,415,386.0,0.186,11.16,0.0289
EV0389,Hyundai Kona EV,64,47.95,81.21,33.26,8,0.59,21.29,Houston,415,351.71,0.151,5.25,0.0149
EV0390,Volkswagen ID.4,82,45.26,91.69,46.43,18,0.89,38.07,Los Angeles,440,421.32,0.165,10.58,0.0251
EV0391,Chevrolet Bolt,66,12.08,80.63,68.56,16,1.81,45.25,Houston,415,378.52,0.166,12.63,0.0334
EV0392,Hyundai Kona EV,64,49.05,93.67,44.62,11,1.25,28.56,Seattle,415,412.83,0.137,11.4,0.0276
EV0393,Ford Mustang Mach-E,70,18.65,93.82,75.18,18,1.61,52.62,Phoenix,470,450.19,0.146,6.32,0.014
EV0394,Ford Mustang Mach-E,70,42.68,97.05,54.37,14,0.8,38.06,Chicago,470,480.21,0.155,8.56,0.0178
EV0395,Nissan Leaf,40,19.17,89.38,70.21,9,1.54,28.08,Miami,240,222.45,0.161,4.66,0.0209
EV0396,Ford Mustang Mach-E,70,43.06,87.31,44.25,11,1.41,30.97,Phoenix,470,437.58,0.157,6.28,0.0144
EV0397,Volkswagen ID.4,82,29.38,86.05,56.67,14,1.5,46.47,San Francisco,440,424.62,0.136,8.99,0.0212
EV0398,Ford Mustang Mach-E,70,20.95,89.76,68.81,20,4.74,48.17,Seattle,470,445.54,0.154,15.15,0.034
EV0399,Hyundai Kona EV,64,26.74,89.17,62.42,23,1.05,39.95,Miami,415,411.14,0.128,4.53,0.011
EV0400,Hyundai Kona EV,64,49.58,97.79,48.21,18,1.36,30.86,Chicago,415,341.47,0.19,9.16,0.0268
EV0401,Ford Mustang Mach-E,70,29.33,96.76,67.44,14,2.12,47.21,Seattle,470,471.28,0.136,12.0,0.0255
EV0402,Hyundai Kona EV,64,45.6,96.36,50.76,22,1.13,32.49,Phoenix,415,386.96,0.204,9.53,0.0246
EV0403,Ford Mustang Mach-E,70,48.81,98.65,49.84,13,0.9,34.89,Miami,470,437.07,0.138,5.78,0.0132
EV0404,Hyundai Kona EV,64,26.26,98.06,71.8,12,1.4,45.95,San Francisco,415,395.65,0.159,6.57,0.0166
EV0405,Volkswagen ID.4,82,20.11,98.78,78.67,20,1.42,64.51,Phoenix,440,398.71,0.139,19.47,0.0488
EV0406,Tesla Model 3,60,20.11,90.4,70.3,17,1.44,42.18,Seattle,430,414.87,0.158,12.16,0.0293
EV0407,Hyundai Kona EV,64,19.28,85.31,66.03,13,1.38,42.26,Miami,415,375.0,0.131,7.24,0.0193
EV0408,Chevrolet Bolt,66,33.6,80.13,46.53,13,0.77,30.71,Phoenix,415,393.32,0.126,7.03,0.0179
EV0409,Tesla Model 3,60,38.16,98.7,60.54,15,1.59,36.32,Chicago,430,448.33,0.153,10.34,0.0231
EV0410,Tesla Model 3,60,28.73,95.47,66.74,7,3.35,40.04,Miami,430,409.71,0.14,9.27,0.0226
EV0411,Volkswagen ID.4,82,49.86,95.92,46.06,13,0.96,37.77,Houston,440,393.28,0.139,10.67,0.0271
EV0412,Chevrolet Bolt,66,16.94,87.6,70.66,17,1.13,46.63,San Francisco,415,396.31,0.137,13.78,0.0348
EV0413,Tesla Model 3,60,19.48,93.55,74.07,15,1.43,44.44,Los Angeles,430,422.88,0.172,10.19,0.0241
EV0414,Tesla Model 3,60,21.31,88.37,67.06,12,2.09,40.24,Phoenix,430,410.47,0.155,15.29,0.0372
EV0415,Ford Mustang Mach-E,70,33.89,93.07,59.18,19,2.77,41.42,Phoenix,470,411.43,0.157,7.59,0.0184
EV0416,Chevrolet Bolt,66,23.59,89.11,65.52,18,1.2,43.24,New York,415,412.43,0.179,17.17,0.0416
EV0417,Nissan Leaf,40,21.13,82.85,61.72,16,1.22,24.69,Houston,240,230.76,0.141,9.35,0.0405
EV0418,Ford Mustang Mach-E,70,16.6,84.8,68.2,11,1.28,47.74,Seattle,470,448.5,0.09,8.31,0.0185
EV0419,Volkswagen ID.4,82,12.4,98.1,85.69,12,2.02,70.27,Miami,440,405.69,0.161,8.2,0.0202
EV0420,Chevrolet Bolt,66,18.5,93.27,74.77,18,2.02,49.35,Los Angeles,415,386.29,0.169,16.15,0.0418
EV0421,Ford Mustang Mach-E,70,22.56,93.82,71.27,13,2.71,49.89,Los Angeles,470,434.92,0.17,17.3,0.0398
EV0422,Hyundai Kona EV,64,39.4,90.63,51.23,17,1.72,32.79,Seattle,415,410.35,0.177,9.02,0.022
EV0423,Nissan Leaf,40,31.87,98.05,66.18,19,1.23,26.47,Los Angeles,240,243.02,0.188,5.91,0.0243
EV0424,Nissan Leaf,40,23.07,80.22,57.14,16,0.54,22.86,Phoenix,240,225.1,0.153,2.8,0.0125
EV0425,Hyundai Kona EV,64,14.75,99.61,84.86,16,3.41,54.31,New York,415,380.15,0.168,19.5,0.0513
EV0426,Ford Mustang Mach-E,70,14.13,83.45,69.32,22,1.55,48.52,Seattle,470,409.67,0.158,11.02,0.0269
EV0427,Volkswagen ID.4,82,20.39,99.39,79.01,14,2.56,64.79,Houston,440,414.79,0.15,10.72,0.0258
EV0428,Hyundai Kona EV,64,34.56,85.06,50.5,14,1.02,32.32,San Francisco,415,399.92,0.159,3.97,0.0099
EV0429,Chevrolet Bolt,66,24.03,87.25,63.22,11,1.0,41.72,New York,415,381.04,0.141,15.6,0.0409
EV0430,Chevrolet Bolt,66,18.85,87.62,68.77,20,1.09,45.39,San Francisco,415,409.82,0.164,8.29,0.0202
EV0431,Chevrolet Bolt,66,10.67,93.58,82.91,23,5.51,54.72,Seattle,415,364.55,0.1,8.12,0.0223
EV0432,Nissan Leaf,40,48.85,91.24,42.4,13,0.45,16.96,Phoenix,240,219.36,0.135,4.3,0.0196
EV0433,Chevrolet Bolt,66,11.76,93.87,82.11,18,1.56,54.19,Los Angeles,415,371.6,0.158,15.37,0.0413
EV0434,Tesla Model 3,60,45.97,99.25,53.27,17,1.24,31.96,Houston,430,445.8,0.133,9.51,0.0213
EV0435,Volkswagen ID.4,82,17.27,83.14,65.87,15,1.27,54.01,Houston,440,406.35,0.187,6.95,0.0171
EV0436,Chevrolet Bolt,66,20.49,86.26,65.77,16,1.01,43.41,Seattle,415,422.69,0.179,9.59,0.0227
EV0437,Nissan Leaf,40,22.59,80.86,58.27,11,0.58,23.31,San Francisco,240,202.61,0.155,6.11,0.0301
EV0438,Nissan Leaf,40,19.49,82.15,62.67,15,0.63,25.07,San Francisco,240,235.86,0.141,6.15,0.0261
EV0439,Tesla Model 3,60,22.34,91.46,69.12,15,2.0,41.47,New York,430,417.52,0.159,14.36,0.0344
EV0440,Chevrolet Bolt,66,47.87,88.0,40.13,14,0.65,26.49,Chicago,415,425.07,0.145,10.58,0.0249
EV0441,Ford Mustang Mach-E,70,36.38,93.76,57.38,10,3.4,40.17,Seattle,470,459.95,0.167,13.37,0.0291
EV0442,Nissan Leaf,40,16.84,88.36,71.53,15,0.72,28.61,San Francisco,240,239.31,0.172,5.78,0.0242
EV0443,Tesla Model 3,60,12.1,83.19,71.1,15,2.02,42.66,Phoenix,430,407.16,0.143,15.38,0.0378
EV0444,Ford Mustang Mach-E,70,11.44,98.54,87.1,13,3.84,60.97,Miami,470,401.63,0.176,6.62,0.0165
EV0445,Nissan Leaf,40,47.87,95.63,47.76,19,0.95,19.1,Houston,240,215.4,0.157,5.03,0.0233
EV0446,Chevrolet Bolt,66,31.41,91.32,59.91,15,1.01,39.54,Seattle,415,411.82,0.107,4.55,0.0111
EV0447,Ford Mustang Mach-E,70,26.42,83.27,56.85,11,2.45,39.79,Miami,470,426.33,0.11,14.37,0.0337
EV0448,Volkswagen ID.4,82,21.19,86.64,65.45,13,1.52,53.67,Houston,440,354.05,0.143,10.75,0.0304
EV0449,Ford Mustang Mach-E,70,37.75,91.06,53.3,13,2.33,37.31,Seattle,470,424.0,0.147,6.73,0.0159
EV0450,Ford Mustang Mach-E,70,26.31,82.51,56.2,15,2.8,39.34,San Francisco,470,444.23,0.142,12.16,0.0274
EV0451,Hyundai Kona EV,64,19.86,99.52,79.66,10,2.36,50.98,New York,415,371.56,0.141,8.78,0.0236
EV0452,Tesla Model 3,60,15.64,90.91,75.27,10,4.04,45.16,Phoenix,430,418.86,0.136,9.4,0.0224
EV0453,Nissan Leaf,40,11.4,99.8,88.4,16,4.47,35.36,Houston,240,192.56,0.168,12.72,0.0661
EV0454,Chevrolet Bolt,66,49.41,95.36,45.95,23,1.19,30.33,Los Angeles,415,356.15,0.134,8.17,0.0229
EV0455,Volkswagen ID.4,82,10.94,88.59,77.65,18,3.4,63.67,Houston,440,471.44,0.163,11.2,0.0238
EV0456,Ford Mustang Mach-E,70,14.11,82.52,68.41,13,0.98,47.88,Chicago,470,422.85,0.143,5.05,0.0119
EV0457,Nissan Leaf,40,37.69,84.67,46.97,12,0.56,18.79,Phoenix,240,236.52,0.127,2.57,0.0109
EV0458,Nissan Leaf,40,11.8,94.68,82.88,18,1.55,33.15,Los Angeles,240,208.87,0.184,4.57,0.0219
EV0459,Nissan Leaf,40,10.55,81.63,71.08,16,1.6,28.43,New York,240,224.73,0.174,7.05,0.0314
EV0460,Nissan Leaf,40,36.55,99.31,62.75,19,2.86,25.1,Houston,240,213.99,0.156,2.7,0.0126
EV0461,Hyundai Kona EV,64,12.78,81.8,69.02,18,1.35,44.17,Houston,415,389.28,0.153,17.56,0.0451
EV0462,Volkswagen ID.4,82,31.02,93.96,62.94,15,1.13,51.61,New York,440,437.22,0.14,14.67,0.0336
EV0463,Volkswagen ID.4,82,21.83,80.02,58.19,18,2.59,47.72,Miami,440,392.97,0.147,5.38,0.0137
EV0464,Ford Mustang Mach-E,70,22.94,93.3,70.36,11,1.6,49.25,Seattle,470,451.25,0.145,18.58,0.0412
EV0465,Volkswagen ID.4,82,46.74,93.0,46.26,22,3.42,37.93,Chicago,440,403.55,0.163,3.95,0.0098
EV0466,Chevrolet Bolt,66,24.26,85.09,60.83,14,5.61,40.15,Seattle,415,421.89,0.155,8.64,0.0205
EV0467,Nissan Leaf,40,34.29,87.77,53.49,14,1.26,21.4,Seattle,240,220.57,0.149,2.7,0.0123
EV0468,Chevrolet Bolt,66,45.65,89.28,43.62,17,1.41,28.79,Phoenix,415,377.28,0.117,8.69,0.023
EV0469,Volkswagen ID.4,82,33.69,93.89,60.2,19,2.2,49.36,Houston,440,444.54,0.172,16.09,0.0362
EV0470,Ford Mustang Mach-E,70,27.04,99.89,72.86,20,4.8,51.0,Chicago,470,435.7,0.115,14.54,0.0334
EV0471,Volkswagen ID.4,82,19.3,84.52,65.22,8,1.75,53.48,Seattle,440,422.3,0.172,6.73,0.0159
EV0472,Chevrolet Bolt,66,43.3,99.51,56.21,1,1.37,37.1,Seattle,415,407.89,0.125,12.84,0.0315
EV0473,Volkswagen ID.4,82,30.93,85.44,54.51,22,1.87,44.7,Houston,440,441.97,0.182,9.36,0.0212
EV0474,Chevrolet Bolt,66,46.31,99.93,53.62,18,0.96,35.39,San Francisco,415,352.22,0.166,13.21,0.0375
EV0475,Volkswagen ID.4,82,39.3,98.48,59.19,13,0.99,48.53,Houston,440,437.16,0.131,15.86,0.0363
EV0476,Volkswagen ID.4,82,22.29,87.4,65.11,22,1.75,53.39,Phoenix,440,422.8,0.13,20.87,0.0493
EV0477,Nissan Leaf,40,42.63,89.33,46.7,12,1.88,18.68,San Francisco,240,227.98,0.127,2.51,0.011
EV0478,Tesla Model 3,60,26.59,87.75,61.15,9,1.04,36.69,Miami,430,359.81,0.131,8.68,0.0241
EV0479,Tesla Model 3,60,47.62,92.98,45.36,15,0.57,27.21,Seattle,430,382.8,0.13,9.81,0.0256
EV0480,Tesla Model 3,60,15.07,87.83,72.76,16,3.2,43.66,New York,430,440.76,0.168,7.18,0.0163
EV0481,Volkswagen ID.4,82,24.55,81.97,57.43,12,4.04,47.09,Houston,440,395.39,0.152,17.54,0.0444
EV0482,Nissan Leaf,40,16.88,97.58,80.69,12,1.05,32.28,Chicago,240,251.67,0.122,4.01,0.0159
EV0483,Volkswagen ID.4,82,40.21,91.73,51.53,15,0.99,42.25,Houston,440,399.71,0.145,8.12,0.0203
EV0484,Hyundai Kona EV,64,14.97,97.5,82.53,18,1.08,52.82,Phoenix,415,426.24,0.118,17.98,0.0422
EV0485,Chevrolet Bolt,66,30.65,91.61,60.96,15,0.85,40.23,Phoenix,415,436.72,0.161,8.15,0.0187
EV0486,Volkswagen ID.4,82,13.45,96.29,82.84,21,3.62,67.93,San Francisco,440,444.18,0.118,7.28,0.0164
EV0487,Ford Mustang Mach-E,70,12.18,91.99,79.81,10,1.22,55.86,New York,470,433.99,0.141,12.98,0.0299
EV0488,Chevrolet Bolt,66,33.52,87.06,53.54,17,0.86,35.34,San Francisco,415,343.74,0.12,3.69,0.0107
EV0489,Chevrolet Bolt,66,48.32,90.82,42.5,18,0.85,28.05,New York,415,367.77,0.16,5.19,0.0141
EV0490,Chevrolet Bolt,66,19.07,93.33,74.26,18,4.86,49.01,Phoenix,415,376.43,0.166,13.69,0.0364
EV0491,Ford Mustang Mach-E,70,25.91,90.23,64.32,20,1.63,45.03,Houston,470,437.66,0.145,4.85,0.0111
EV0492,Hyundai Kona EV,64,49.78,84.04,34.25,15,1.23,21.92,Phoenix,415,437.9,0.162,2.49,0.0057
EV0493,Chevrolet Bolt,66,33.57,89.09,55.52,18,1.4,36.64,San Francisco,415,409.71,0.136,14.54,0.0355
EV0494,Hyundai Kona EV,64,47.96,82.85,34.89,10,0.96,22.33,San Francisco,415,414.38,0.126,3.37,0.0081
EV0495,Ford Mustang Mach-E,70,35.67,88.22,52.54,14,1.32,36.78,New York,470,444.99,0.161,4.94,0.0111
EV0496,Hyundai Kona EV,64,19.48,81.94,62.46,16,2.78,39.98,Seattle,415,402.63,0.123,5.35,0.0133
EV0497,Ford Mustang Mach-E,70,12.91,85.61,72.7,18,2.34,50.89,San Francisco,470,438.32,0.148,14.72,0.0336
EV0498,Chevrolet Bolt,66,49.13,83.62,34.49,23,0.55,22.76,Los Angeles,415,381.7,0.167,7.27,0.0191
EV0499,Tesla Model 3,60,43.3,96.08,52.78,16,0.72,31.67,Los Angeles,430,400.63,0.139,9.59,0.0239
EV0500,Volkswagen ID.4,82,30.78,99.93,69.15,0,4.55,56.7,Miami,440,379.94,0.188,7.84,0.0206
